日付,商品名,個数,商品価格,売上,天気,祝日フラグ
2024-01-01,ペットボトル緑茶,41,150,6150,晴れ,1
2024-01-01,カップラーメン,24,250,6000,晴れ,1
2024-01-01,チョコレート,22,120,2640,晴れ,1
2024-01-02,ペットボトル緑茶,36,150,5400,雪,0
2024-01-02,カップラーメン,30,250,7500,雪,0
2024-01-02,チョコレート,13,120,1560,雪,0
2024-01-03,ペットボトル緑茶,26,150,3900,曇り,0
2024-01-03,カップラーメン,21,250,5250,曇り,0
2024-01-03,チョコレート,13,120,1560,曇り,0
2024-01-04,ペットボトル緑茶,25,150,3750,雪,0
2024-01-04,カップラーメン,38,250,9500,雪,0
2024-01-04,チョコレート,16,120,1920,雪,0
2024-01-05,ペットボトル緑茶,42,150,6300,晴れ,0
2024-01-05,カップラーメン,20,250,5000,晴れ,0
2024-01-05,チョコレート,14,120,1680,晴れ,0
2024-01-06,ペットボトル緑茶,34,150,5100,曇り,0
2024-01-06,カップラーメン,33,250,8250,曇り,0
2024-01-06,チョコレート,20,120,2400,曇り,0
2024-01-07,ペットボトル緑茶,48,150,7200,雪,0
2024-01-07,カップラーメン,59,250,14750,雪,0
2024-01-07,チョコレート,15,120,1800,雪,0
2024-01-08,ペットボトル緑茶,37,150,5550,晴れ,1
2024-01-08,カップラーメン,37,250,9250,晴れ,1
2024-01-08,チョコレート,14,120,1680,晴れ,1
2024-01-09,ペットボトル緑茶,42,150,6300,晴れ,0
2024-01-09,カップラーメン,23,250,5750,晴れ,0
2024-01-09,チョコレート,19,120,2280,晴れ,0
2024-01-10,ペットボトル緑茶,35,150,5250,雪,0
2024-01-10,カップラーメン,34,250,8500,雪,0
2024-01-10,チョコレート,20,120,2400,雪,0
2024-01-11,ペットボトル緑茶,24,150,3600,晴れ,0
2024-01-11,カップラーメン,25,250,6250,晴れ,0
2024-01-11,チョコレート,15,120,1800,晴れ,0
2024-01-12,ペットボトル緑茶,34,150,5100,雪,0
2024-01-12,カップラーメン,42,250,10500,雪,0
2024-01-12,チョコレート,15,120,1800,雪,0
2024-01-13,ペットボトル緑茶,37,150,5550,晴れ,0
2024-01-13,カップラーメン,39,250,9750,晴れ,0
2024-01-13,チョコレート,20,120,2400,晴れ,0
2024-01-14,ペットボトル緑茶,45,150,6750,晴れ,0
2024-01-14,カップラーメン,31,250,7750,晴れ,0
2024-01-14,チョコレート,17,120,2040,晴れ,0
2024-01-15,ペットボトル緑茶,35,150,5250,雪,0
2024-01-15,カップラーメン,44,250,11000,雪,0
2024-01-15,チョコレート,15,120,1800,雪,0
2024-01-16,ペットボトル緑茶,27,150,4050,雪,0
2024-01-16,カップラーメン,31,250,7750,雪,0
2024-01-16,チョコレート,14,120,1680,雪,0
2024-01-17,ペットボトル緑茶,33,150,4950,晴れ,0
2024-01-17,カップラーメン,25,250,6250,晴れ,0
2024-01-17,チョコレート,17,120,2040,晴れ,0
2024-01-18,ペットボトル緑茶,44,150,6600,雪,0
2024-01-18,カップラーメン,36,250,9000,雪,0
2024-01-18,チョコレート,12,120,1440,雪,0
2024-01-19,ペットボトル緑茶,30,150,4500,曇り,0
2024-01-19,カップラーメン,24,250,6000,曇り,0
2024-01-19,チョコレート,12,120,1440,曇り,0
2024-01-20,ペットボトル緑茶,34,150,5100,雪,0
2024-01-20,カップラーメン,45,250,11250,雪,0
2024-01-20,チョコレート,21,120,2520,雪,0
2024-01-21,ペットボトル緑茶,54,150,8100,晴れ,0
2024-01-21,カップラーメン,30,250,7500,晴れ,0
2024-01-21,チョコレート,21,120,2520,晴れ,0
2024-01-22,ペットボトル緑茶,36,150,5400,晴れ,0
2024-01-22,カップラーメン,30,250,7500,晴れ,0
2024-01-22,チョコレート,17,120,2040,晴れ,0
2024-01-23,ペットボトル緑茶,23,150,3450,雪,0
2024-01-23,カップラーメン,28,250,7000,雪,0
2024-01-23,チョコレート,20,120,2400,雪,0
2024-01-24,ペットボトル緑茶,36,150,5400,曇り,0
2024-01-24,カップラーメン,28,250,7000,曇り,0
2024-01-24,チョコレート,21,120,2520,曇り,0
2024-01-25,ペットボトル緑茶,33,150,4950,晴れ,0
2024-01-25,カップラーメン,33,250,8250,晴れ,0
2024-01-25,チョコレート,8,120,960,晴れ,0
2024-01-26,ペットボトル緑茶,32,150,4800,雪,0
2024-01-26,カップラーメン,27,250,6750,雪,0
2024-01-26,チョコレート,15,120,1800,雪,0
2024-01-27,ペットボトル緑茶,33,150,4950,曇り,0
2024-01-27,カップラーメン,31,250,7750,曇り,0
2024-01-27,チョコレート,23,120,2760,曇り,0
2024-01-28,ペットボトル緑茶,42,150,6300,雪,0
2024-01-28,カップラーメン,36,250,9000,雪,0
2024-01-28,チョコレート,16,120,1920,雪,0
2024-01-29,ペットボトル緑茶,28,150,4200,雪,0
2024-01-29,カップラーメン,39,250,9750,雪,0
2024-01-29,チョコレート,15,120,1800,雪,0
2024-01-30,ペットボトル緑茶,24,150,3600,曇り,0
2024-01-30,カップラーメン,24,250,6000,曇り,0
2024-01-30,チョコレート,17,120,2040,曇り,0
2024-01-31,ペットボトル緑茶,28,150,4200,雪,0
2024-01-31,カップラーメン,47,250,11750,雪,0
2024-01-31,チョコレート,20,120,2400,雪,0
2024-02-01,ペットボトル緑茶,43,150,6450,晴れ,0
2024-02-01,カップラーメン,22,250,5500,晴れ,0
2024-02-01,チョコレート,49,120,5880,晴れ,0
2024-02-02,ペットボトル緑茶,21,150,3150,曇り,0
2024-02-02,カップラーメン,28,250,7000,曇り,0
2024-02-02,チョコレート,42,120,5040,曇り,0
2024-02-03,ペットボトル緑茶,36,150,5400,雪,0
2024-02-03,カップラーメン,54,250,13500,雪,0
2024-02-03,チョコレート,49,120,5880,雪,0
2024-02-04,ペットボトル緑茶,42,150,6300,雪,0
2024-02-04,カップラーメン,44,250,11000,雪,0
2024-02-04,チョコレート,38,120,4560,雪,0
2024-02-05,ペットボトル緑茶,35,150,5250,晴れ,0
2024-02-05,カップラーメン,24,250,6000,晴れ,0
2024-02-05,チョコレート,19,120,2280,晴れ,0
2024-02-06,ペットボトル緑茶,28,150,4200,雪,0
2024-02-06,カップラーメン,37,250,9250,雪,0
2024-02-06,チョコレート,32,120,3840,雪,0
2024-02-07,ペットボトル緑茶,23,150,3450,晴れ,0
2024-02-07,カップラーメン,29,250,7250,晴れ,0
2024-02-07,チョコレート,38,120,4560,晴れ,0
2024-02-08,ペットボトル緑茶,26,150,3900,雪,0
2024-02-08,カップラーメン,26,250,6500,雪,0
2024-02-08,チョコレート,41,120,4920,雪,0
2024-02-09,ペットボトル緑茶,29,150,4350,晴れ,0
2024-02-09,カップラーメン,29,250,7250,晴れ,0
2024-02-09,チョコレート,40,120,4800,晴れ,0
2024-02-10,ペットボトル緑茶,44,150,6600,雪,0
2024-02-10,カップラーメン,50,250,12500,雪,0
2024-02-10,チョコレート,43,120,5160,雪,0
2024-02-11,ペットボトル緑茶,27,150,4050,雪,1
2024-02-11,カップラーメン,61,250,15250,雪,1
2024-02-11,チョコレート,53,120,6360,雪,1
2024-02-12,ペットボトル緑茶,30,150,4500,曇り,0
2024-02-12,カップラーメン,27,250,6750,曇り,0
2024-02-12,チョコレート,40,120,4800,曇り,0
2024-02-13,ペットボトル緑茶,34,150,5100,晴れ,0
2024-02-13,カップラーメン,28,250,7000,晴れ,0
2024-02-13,チョコレート,40,120,4800,晴れ,0
2024-02-14,ペットボトル緑茶,38,150,5700,晴れ,0
2024-02-14,カップラーメン,29,250,7250,晴れ,0
2024-02-14,チョコレート,39,120,4680,晴れ,0
2024-02-15,ペットボトル緑茶,29,150,4350,曇り,0
2024-02-15,カップラーメン,39,250,9750,曇り,0
2024-02-15,チョコレート,11,120,1320,曇り,0
2024-02-16,ペットボトル緑茶,39,150,5850,晴れ,0
2024-02-16,カップラーメン,25,250,6250,晴れ,0
2024-02-16,チョコレート,12,120,1440,晴れ,0
2024-02-17,ペットボトル緑茶,41,150,6150,曇り,0
2024-02-17,カップラーメン,41,250,10250,曇り,0
2024-02-17,チョコレート,16,120,1920,曇り,0
2024-02-18,ペットボトル緑茶,37,150,5550,雪,0
2024-02-18,カップラーメン,53,250,13250,雪,0
2024-02-18,チョコレート,18,120,2160,雪,0
2024-02-19,ペットボトル緑茶,22,150,3300,雪,0
2024-02-19,カップラーメン,36,250,9000,雪,0
2024-02-19,チョコレート,13,120,1560,雪,0
2024-02-20,ペットボトル緑茶,26,150,3900,晴れ,0
2024-02-20,カップラーメン,29,250,7250,晴れ,0
2024-02-20,チョコレート,14,120,1680,晴れ,0
2024-02-21,ペットボトル緑茶,39,150,5850,晴れ,0
2024-02-21,カップラーメン,19,250,4750,晴れ,0
2024-02-21,チョコレート,7,120,840,晴れ,0
2024-02-22,ペットボトル緑茶,38,150,5700,曇り,0
2024-02-22,カップラーメン,21,250,5250,曇り,0
2024-02-22,チョコレート,18,120,2160,曇り,0
2024-02-23,ペットボトル緑茶,29,150,4350,晴れ,1
2024-02-23,カップラーメン,21,250,5250,晴れ,1
2024-02-23,チョコレート,19,120,2280,晴れ,1
2024-02-24,ペットボトル緑茶,44,150,6600,晴れ,0
2024-02-24,カップラーメン,41,250,10250,晴れ,0
2024-02-24,チョコレート,12,120,1440,晴れ,0
2024-02-25,ペットボトル緑茶,38,150,5700,曇り,0
2024-02-25,カップラーメン,28,250,7000,曇り,0
2024-02-25,チョコレート,10,120,1200,曇り,0
2024-02-26,ペットボトル緑茶,39,150,5850,晴れ,0
2024-02-26,カップラーメン,26,250,6500,晴れ,0
2024-02-26,チョコレート,20,120,2400,晴れ,0
2024-02-27,ペットボトル緑茶,20,150,3000,雪,0
2024-02-27,カップラーメン,39,250,9750,雪,0
2024-02-27,チョコレート,14,120,1680,雪,0
2024-02-28,ペットボトル緑茶,38,150,5700,曇り,0
2024-02-28,カップラーメン,36,250,9000,曇り,0
2024-02-28,チョコレート,16,120,1920,曇り,0
2024-02-29,ペットボトル緑茶,35,150,5250,晴れ,0
2024-02-29,カップラーメン,29,250,7250,晴れ,0
2024-02-29,チョコレート,17,120,2040,晴れ,0
2024-03-01,ペットボトル緑茶,42,150,6300,晴れ,0
2024-03-01,カップラーメン,23,250,5750,晴れ,0
2024-03-01,チョコレート,14,120,1680,晴れ,0
2024-03-02,ペットボトル緑茶,24,150,3600,雨,0
2024-03-02,カップラーメン,32,250,8000,雨,0
2024-03-02,チョコレート,21,120,2520,雨,0
2024-03-03,ペットボトル緑茶,38,150,5700,雨,0
2024-03-03,カップラーメン,30,250,7500,雨,0
2024-03-03,チョコレート,20,120,2400,雨,0
2024-03-04,ペットボトル緑茶,37,150,5550,雨,0
2024-03-04,カップラーメン,25,250,6250,雨,0
2024-03-04,チョコレート,24,120,2880,雨,0
2024-03-05,ペットボトル緑茶,39,150,5850,晴れ,0
2024-03-05,カップラーメン,18,250,4500,晴れ,0
2024-03-05,チョコレート,17,120,2040,晴れ,0
2024-03-06,ペットボトル緑茶,30,150,4500,曇り,0
2024-03-06,カップラーメン,21,250,5250,曇り,0
2024-03-06,チョコレート,20,120,2400,曇り,0
2024-03-07,ペットボトル緑茶,38,150,5700,晴れ,0
2024-03-07,カップラーメン,16,250,4000,晴れ,0
2024-03-07,チョコレート,16,120,1920,晴れ,0
2024-03-08,ペットボトル緑茶,45,150,6750,晴れ,0
2024-03-08,カップラーメン,20,250,5000,晴れ,0
2024-03-08,チョコレート,14,120,1680,晴れ,0
2024-03-09,ペットボトル緑茶,53,150,7950,雨,0
2024-03-09,カップラーメン,44,250,11000,雨,0
2024-03-09,チョコレート,16,120,1920,雨,0
2024-03-10,ペットボトル緑茶,39,150,5850,雨,0
2024-03-10,カップラーメン,36,250,9000,雨,0
2024-03-10,チョコレート,12,120,1440,雨,0
2024-03-11,ペットボトル緑茶,29,150,4350,晴れ,0
2024-03-11,カップラーメン,22,250,5500,晴れ,0
2024-03-11,チョコレート,13,120,1560,晴れ,0
2024-03-12,ペットボトル緑茶,39,150,5850,晴れ,0
2024-03-12,カップラーメン,15,250,3750,晴れ,0
2024-03-12,チョコレート,11,120,1320,晴れ,0
2024-03-13,ペットボトル緑茶,26,150,3900,晴れ,0
2024-03-13,カップラーメン,19,250,4750,晴れ,0
2024-03-13,チョコレート,13,120,1560,晴れ,0
2024-03-14,ペットボトル緑茶,32,150,4800,曇り,0
2024-03-14,カップラーメン,11,250,2750,曇り,0
2024-03-14,チョコレート,11,120,1320,曇り,0
2024-03-15,ペットボトル緑茶,36,150,5400,晴れ,0
2024-03-15,カップラーメン,18,250,4500,晴れ,0
2024-03-15,チョコレート,18,120,2160,晴れ,0
2024-03-16,ペットボトル緑茶,47,150,7050,晴れ,0
2024-03-16,カップラーメン,18,250,4500,晴れ,0
2024-03-16,チョコレート,20,120,2400,晴れ,0
2024-03-17,ペットボトル緑茶,44,150,6600,晴れ,0
2024-03-17,カップラーメン,23,250,5750,晴れ,0
2024-03-17,チョコレート,17,120,2040,晴れ,0
2024-03-18,ペットボトル緑茶,31,150,4650,雨,0
2024-03-18,カップラーメン,31,250,7750,雨,0
2024-03-18,チョコレート,9,120,1080,雨,0
2024-03-19,ペットボトル緑茶,34,150,5100,曇り,0
2024-03-19,カップラーメン,14,250,3500,曇り,0
2024-03-19,チョコレート,13,120,1560,曇り,0
2024-03-20,ペットボトル緑茶,35,150,5250,曇り,1
2024-03-20,カップラーメン,15,250,3750,曇り,1
2024-03-20,チョコレート,13,120,1560,曇り,1
2024-03-21,ペットボトル緑茶,32,150,4800,晴れ,0
2024-03-21,カップラーメン,27,250,6750,晴れ,0
2024-03-21,チョコレート,15,120,1800,晴れ,0
2024-03-22,ペットボトル緑茶,22,150,3300,雨,0
2024-03-22,カップラーメン,31,250,7750,雨,0
2024-03-22,チョコレート,11,120,1320,雨,0
2024-03-23,ペットボトル緑茶,40,150,6000,雨,0
2024-03-23,カップラーメン,30,250,7500,雨,0
2024-03-23,チョコレート,15,120,1800,雨,0
2024-03-24,ペットボトル緑茶,47,150,7050,晴れ,0
2024-03-24,カップラーメン,19,250,4750,晴れ,0
2024-03-24,チョコレート,17,120,2040,晴れ,0
2024-03-25,ペットボトル緑茶,36,150,5400,晴れ,0
2024-03-25,カップラーメン,10,250,2500,晴れ,0
2024-03-25,チョコレート,10,120,1200,晴れ,0
2024-03-26,ペットボトル緑茶,27,150,4050,雨,0
2024-03-26,カップラーメン,22,250,5500,雨,0
2024-03-26,チョコレート,18,120,2160,雨,0
2024-03-27,ペットボトル緑茶,34,150,5100,晴れ,0
2024-03-27,カップラーメン,28,250,7000,晴れ,0
2024-03-27,チョコレート,25,120,3000,晴れ,0
2024-03-28,ペットボトル緑茶,41,150,6150,曇り,0
2024-03-28,カップラーメン,21,250,5250,曇り,0
2024-03-28,チョコレート,10,120,1200,曇り,0
2024-03-29,ペットボトル緑茶,29,150,4350,晴れ,0
2024-03-29,カップラーメン,25,250,6250,晴れ,0
2024-03-29,チョコレート,15,120,1800,晴れ,0
2024-03-30,ペットボトル緑茶,37,150,5550,雨,0
2024-03-30,カップラーメン,33,250,8250,雨,0
2024-03-30,チョコレート,19,120,2280,雨,0
2024-03-31,ペットボトル緑茶,39,150,5850,曇り,0
2024-03-31,カップラーメン,34,250,8500,曇り,0
2024-03-31,チョコレート,20,120,2400,曇り,0
2024-04-01,ペットボトル緑茶,32,150,4800,曇り,0
2024-04-01,カップラーメン,22,250,5500,曇り,0
2024-04-01,チョコレート,10,120,1200,曇り,0
2024-04-02,ペットボトル緑茶,41,150,6150,晴れ,0
2024-04-02,カップラーメン,21,250,5250,晴れ,0
2024-04-02,チョコレート,20,120,2400,晴れ,0
2024-04-03,ペットボトル緑茶,22,150,3300,雨,0
2024-04-03,カップラーメン,19,250,4750,雨,0
2024-04-03,チョコレート,19,120,2280,雨,0
2024-04-04,ペットボトル緑茶,40,150,6000,晴れ,0
2024-04-04,カップラーメン,22,250,5500,晴れ,0
2024-04-04,チョコレート,15,120,1800,晴れ,0
2024-04-05,ペットボトル緑茶,30,150,4500,晴れ,0
2024-04-05,カップラーメン,21,250,5250,晴れ,0
2024-04-05,チョコレート,10,120,1200,晴れ,0
2024-04-06,ペットボトル緑茶,41,150,6150,曇り,0
2024-04-06,カップラーメン,27,250,6750,曇り,0
2024-04-06,チョコレート,27,120,3240,曇り,0
2024-04-07,ペットボトル緑茶,48,150,7200,晴れ,0
2024-04-07,カップラーメン,25,250,6250,晴れ,0
2024-04-07,チョコレート,19,120,2280,晴れ,0
2024-04-08,ペットボトル緑茶,36,150,5400,雨,0
2024-04-08,カップラーメン,26,250,6500,雨,0
2024-04-08,チョコレート,14,120,1680,雨,0
2024-04-09,ペットボトル緑茶,42,150,6300,晴れ,0
2024-04-09,カップラーメン,18,250,4500,晴れ,0
2024-04-09,チョコレート,15,120,1800,晴れ,0
2024-04-10,ペットボトル緑茶,33,150,4950,晴れ,0
2024-04-10,カップラーメン,19,250,4750,晴れ,0
2024-04-10,チョコレート,14,120,1680,晴れ,0
2024-04-11,ペットボトル緑茶,36,150,5400,晴れ,0
2024-04-11,カップラーメン,27,250,6750,晴れ,0
2024-04-11,チョコレート,16,120,1920,晴れ,0
2024-04-12,ペットボトル緑茶,39,150,5850,晴れ,0
2024-04-12,カップラーメン,31,250,7750,晴れ,0
2024-04-12,チョコレート,14,120,1680,晴れ,0
2024-04-13,ペットボトル緑茶,39,150,5850,雨,0
2024-04-13,カップラーメン,23,250,5750,雨,0
2024-04-13,チョコレート,15,120,1800,雨,0
2024-04-14,ペットボトル緑茶,46,150,6900,晴れ,0
2024-04-14,カップラーメン,25,250,6250,晴れ,0
2024-04-14,チョコレート,19,120,2280,晴れ,0
2024-04-15,ペットボトル緑茶,23,150,3450,曇り,0
2024-04-15,カップラーメン,18,250,4500,曇り,0
2024-04-15,チョコレート,17,120,2040,曇り,0
2024-04-16,ペットボトル緑茶,29,150,4350,晴れ,0
2024-04-16,カップラーメン,22,250,5500,晴れ,0
2024-04-16,チョコレート,11,120,1320,晴れ,0
2024-04-17,ペットボトル緑茶,35,150,5250,曇り,0
2024-04-17,カップラーメン,22,250,5500,曇り,0
2024-04-17,チョコレート,9,120,1080,曇り,0
2024-04-18,ペットボトル緑茶,28,150,4200,曇り,0
2024-04-18,カップラーメン,16,250,4000,曇り,0
2024-04-18,チョコレート,21,120,2520,曇り,0
2024-04-19,ペットボトル緑茶,30,150,4500,晴れ,0
2024-04-19,カップラーメン,15,250,3750,晴れ,0
2024-04-19,チョコレート,14,120,1680,晴れ,0
2024-04-20,ペットボトル緑茶,36,150,5400,雨,0
2024-04-20,カップラーメン,32,250,8000,雨,0
2024-04-20,チョコレート,16,120,1920,雨,0
2024-04-21,ペットボトル緑茶,48,150,7200,晴れ,0
2024-04-21,カップラーメン,23,250,5750,晴れ,0
2024-04-21,チョコレート,23,120,2760,晴れ,0
2024-04-22,ペットボトル緑茶,30,150,4500,雨,0
2024-04-22,カップラーメン,31,250,7750,雨,0
2024-04-22,チョコレート,15,120,1800,雨,0
2024-04-23,ペットボトル緑茶,29,150,4350,晴れ,0
2024-04-23,カップラーメン,14,250,3500,晴れ,0
2024-04-23,チョコレート,12,120,1440,晴れ,0
2024-04-24,ペットボトル緑茶,36,150,5400,曇り,0
2024-04-24,カップラーメン,21,250,5250,曇り,0
2024-04-24,チョコレート,17,120,2040,曇り,0
2024-04-25,ペットボトル緑茶,29,150,4350,雨,0
2024-04-25,カップラーメン,26,250,6500,雨,0
2024-04-25,チョコレート,11,120,1320,雨,0
2024-04-26,ペットボトル緑茶,38,150,5700,晴れ,0
2024-04-26,カップラーメン,18,250,4500,晴れ,0
2024-04-26,チョコレート,13,120,1560,晴れ,0
2024-04-27,ペットボトル緑茶,48,150,7200,晴れ,0
2024-04-27,カップラーメン,30,250,7500,晴れ,0
2024-04-27,チョコレート,21,120,2520,晴れ,0
2024-04-28,ペットボトル緑茶,49,150,7350,晴れ,0
2024-04-28,カップラーメン,30,250,7500,晴れ,0
2024-04-28,チョコレート,12,120,1440,晴れ,0
2024-04-29,ペットボトル緑茶,43,150,6450,晴れ,1
2024-04-29,カップラーメン,18,250,4500,晴れ,1
2024-04-29,チョコレート,20,120,2400,晴れ,1
2024-04-30,ペットボトル緑茶,38,150,5700,晴れ,0
2024-04-30,カップラーメン,19,250,4750,晴れ,0
2024-04-30,チョコレート,15,120,1800,晴れ,0
2024-05-01,ペットボトル緑茶,35,150,5250,曇り,0
2024-05-01,カップラーメン,16,250,4000,曇り,0
2024-05-01,チョコレート,23,120,2760,曇り,0
2024-05-02,ペットボトル緑茶,40,150,6000,曇り,0
2024-05-02,カップラーメン,21,250,5250,曇り,0
2024-05-02,チョコレート,15,120,1800,曇り,0
2024-05-03,ペットボトル緑茶,30,150,4500,雨,1
2024-05-03,カップラーメン,24,250,6000,雨,1
2024-05-03,チョコレート,14,120,1680,雨,1
2024-05-04,ペットボトル緑茶,47,150,7050,晴れ,1
2024-05-04,カップラーメン,34,250,8500,晴れ,1
2024-05-04,チョコレート,23,120,2760,晴れ,1
2024-05-05,ペットボトル緑茶,37,150,5550,曇り,1
2024-05-05,カップラーメン,36,250,9000,曇り,1
2024-05-05,チョコレート,28,120,3360,曇り,1
2024-05-06,ペットボトル緑茶,27,150,4050,雨,0
2024-05-06,カップラーメン,24,250,6000,雨,0
2024-05-06,チョコレート,16,120,1920,雨,0
2024-05-07,ペットボトル緑茶,35,150,5250,雨,0
2024-05-07,カップラーメン,25,250,6250,雨,0
2024-05-07,チョコレート,12,120,1440,雨,0
2024-05-08,ペットボトル緑茶,32,150,4800,晴れ,0
2024-05-08,カップラーメン,16,250,4000,晴れ,0
2024-05-08,チョコレート,14,120,1680,晴れ,0
2024-05-09,ペットボトル緑茶,35,150,5250,曇り,0
2024-05-09,カップラーメン,19,250,4750,曇り,0
2024-05-09,チョコレート,23,120,2760,曇り,0
2024-05-10,ペットボトル緑茶,32,150,4800,曇り,0
2024-05-10,カップラーメン,20,250,5000,曇り,0
2024-05-10,チョコレート,11,120,1320,曇り,0
2024-05-11,ペットボトル緑茶,53,150,7950,晴れ,0
2024-05-11,カップラーメン,24,250,6000,晴れ,0
2024-05-11,チョコレート,22,120,2640,晴れ,0
2024-05-12,ペットボトル緑茶,33,150,4950,雨,0
2024-05-12,カップラーメン,34,250,8500,雨,0
2024-05-12,チョコレート,20,120,2400,雨,0
2024-05-13,ペットボトル緑茶,26,150,3900,雨,0
2024-05-13,カップラーメン,32,250,8000,雨,0
2024-05-13,チョコレート,17,120,2040,雨,0
2024-05-14,ペットボトル緑茶,34,150,5100,晴れ,0
2024-05-14,カップラーメン,17,250,4250,晴れ,0
2024-05-14,チョコレート,15,120,1800,晴れ,0
2024-05-15,ペットボトル緑茶,39,150,5850,晴れ,0
2024-05-15,カップラーメン,25,250,6250,晴れ,0
2024-05-15,チョコレート,15,120,1800,晴れ,0
2024-05-16,ペットボトル緑茶,27,150,4050,雨,0
2024-05-16,カップラーメン,27,250,6750,雨,0
2024-05-16,チョコレート,20,120,2400,雨,0
2024-05-17,ペットボトル緑茶,33,150,4950,曇り,0
2024-05-17,カップラーメン,23,250,5750,曇り,0
2024-05-17,チョコレート,16,120,1920,曇り,0
2024-05-18,ペットボトル緑茶,38,150,5700,晴れ,0
2024-05-18,カップラーメン,30,250,7500,晴れ,0
2024-05-18,チョコレート,20,120,2400,晴れ,0
2024-05-19,ペットボトル緑茶,49,150,7350,晴れ,0
2024-05-19,カップラーメン,28,250,7000,晴れ,0
2024-05-19,チョコレート,23,120,2760,晴れ,0
2024-05-20,ペットボトル緑茶,27,150,4050,曇り,0
2024-05-20,カップラーメン,28,250,7000,曇り,0
2024-05-20,チョコレート,8,120,960,曇り,0
2024-05-21,ペットボトル緑茶,20,150,3000,曇り,0
2024-05-21,カップラーメン,18,250,4500,曇り,0
2024-05-21,チョコレート,18,120,2160,曇り,0
2024-05-22,ペットボトル緑茶,27,150,4050,曇り,0
2024-05-22,カップラーメン,24,250,6000,曇り,0
2024-05-22,チョコレート,14,120,1680,曇り,0
2024-05-23,ペットボトル緑茶,29,150,4350,雨,0
2024-05-23,カップラーメン,20,250,5000,雨,0
2024-05-23,チョコレート,17,120,2040,雨,0
2024-05-24,ペットボトル緑茶,39,150,5850,晴れ,0
2024-05-24,カップラーメン,15,250,3750,晴れ,0
2024-05-24,チョコレート,23,120,2760,晴れ,0
2024-05-25,ペットボトル緑茶,37,150,5550,曇り,0
2024-05-25,カップラーメン,33,250,8250,曇り,0
2024-05-25,チョコレート,15,120,1800,曇り,0
2024-05-26,ペットボトル緑茶,36,150,5400,曇り,0
2024-05-26,カップラーメン,21,250,5250,曇り,0
2024-05-26,チョコレート,23,120,2760,曇り,0
2024-05-27,ペットボトル緑茶,34,150,5100,雨,0
2024-05-27,カップラーメン,19,250,4750,雨,0
2024-05-27,チョコレート,22,120,2640,雨,0
2024-05-28,ペットボトル緑茶,30,150,4500,曇り,0
2024-05-28,カップラーメン,14,250,3500,曇り,0
2024-05-28,チョコレート,14,120,1680,曇り,0
2024-05-29,ペットボトル緑茶,24,150,3600,晴れ,0
2024-05-29,カップラーメン,17,250,4250,晴れ,0
2024-05-29,チョコレート,13,120,1560,晴れ,0
2024-05-30,ペットボトル緑茶,25,150,3750,晴れ,0
2024-05-30,カップラーメン,20,250,5000,晴れ,0
2024-05-30,チョコレート,12,120,1440,晴れ,0
2024-05-31,ペットボトル緑茶,35,150,5250,雨,0
2024-05-31,カップラーメン,26,250,6500,雨,0
2024-05-31,チョコレート,10,120,1200,雨,0
2024-06-01,ペットボトル緑茶,63,150,9450,曇り,0
2024-06-01,カップラーメン,26,250,6500,曇り,0
2024-06-01,チョコレート,17,120,2040,曇り,0
2024-06-02,ペットボトル緑茶,68,150,10200,晴れ,0
2024-06-02,カップラーメン,27,250,6750,晴れ,0
2024-06-02,チョコレート,24,120,2880,晴れ,0
2024-06-03,ペットボトル緑茶,43,150,6450,晴れ,0
2024-06-03,カップラーメン,23,250,5750,晴れ,0
2024-06-03,チョコレート,22,120,2640,晴れ,0
2024-06-04,ペットボトル緑茶,59,150,8850,晴れ,0
2024-06-04,カップラーメン,18,250,4500,晴れ,0
2024-06-04,チョコレート,15,120,1800,晴れ,0
2024-06-05,ペットボトル緑茶,57,150,8550,晴れ,0
2024-06-05,カップラーメン,23,250,5750,晴れ,0
2024-06-05,チョコレート,7,120,840,晴れ,0
2024-06-06,ペットボトル緑茶,64,150,9600,晴れ,0
2024-06-06,カップラーメン,15,250,3750,晴れ,0
2024-06-06,チョコレート,17,120,2040,晴れ,0
2024-06-07,ペットボトル緑茶,59,150,8850,晴れ,0
2024-06-07,カップラーメン,22,250,5500,晴れ,0
2024-06-07,チョコレート,17,120,2040,晴れ,0
2024-06-08,ペットボトル緑茶,64,150,9600,晴れ,0
2024-06-08,カップラーメン,30,250,7500,晴れ,0
2024-06-08,チョコレート,17,120,2040,晴れ,0
2024-06-09,ペットボトル緑茶,60,150,9000,雨,0
2024-06-09,カップラーメン,38,250,9500,雨,0
2024-06-09,チョコレート,18,120,2160,雨,0
2024-06-10,ペットボトル緑茶,66,150,9900,晴れ,0
2024-06-10,カップラーメン,22,250,5500,晴れ,0
2024-06-10,チョコレート,18,120,2160,晴れ,0
2024-06-11,ペットボトル緑茶,56,150,8400,曇り,0
2024-06-11,カップラーメン,20,250,5000,曇り,0
2024-06-11,チョコレート,20,120,2400,曇り,0
2024-06-12,ペットボトル緑茶,51,150,7650,晴れ,0
2024-06-12,カップラーメン,15,250,3750,晴れ,0
2024-06-12,チョコレート,26,120,3120,晴れ,0
2024-06-13,ペットボトル緑茶,41,150,6150,曇り,0
2024-06-13,カップラーメン,19,250,4750,曇り,0
2024-06-13,チョコレート,8,120,960,曇り,0
2024-06-14,ペットボトル緑茶,50,150,7500,晴れ,0
2024-06-14,カップラーメン,19,250,4750,晴れ,0
2024-06-14,チョコレート,16,120,1920,晴れ,0
2024-06-15,ペットボトル緑茶,61,150,9150,晴れ,0
2024-06-15,カップラーメン,30,250,7500,晴れ,0
2024-06-15,チョコレート,19,120,2280,晴れ,0
2024-06-16,ペットボトル緑茶,60,150,9000,雨,0
2024-06-16,カップラーメン,28,250,7000,雨,0
2024-06-16,チョコレート,16,120,1920,雨,0
2024-06-17,ペットボトル緑茶,68,150,10200,晴れ,0
2024-06-17,カップラーメン,14,250,3500,晴れ,0
2024-06-17,チョコレート,22,120,2640,晴れ,0
2024-06-18,ペットボトル緑茶,36,150,5400,晴れ,0
2024-06-18,カップラーメン,19,250,4750,晴れ,0
2024-06-18,チョコレート,15,120,1800,晴れ,0
2024-06-19,ペットボトル緑茶,59,150,8850,晴れ,0
2024-06-19,カップラーメン,13,250,3250,晴れ,0
2024-06-19,チョコレート,14,120,1680,晴れ,0
2024-06-20,ペットボトル緑茶,58,150,8700,晴れ,0
2024-06-20,カップラーメン,29,250,7250,晴れ,0
2024-06-20,チョコレート,15,120,1800,晴れ,0
2024-06-21,ペットボトル緑茶,46,150,6900,雨,0
2024-06-21,カップラーメン,35,250,8750,雨,0
2024-06-21,チョコレート,17,120,2040,雨,0
2024-06-22,ペットボトル緑茶,56,150,8400,曇り,0
2024-06-22,カップラーメン,18,250,4500,曇り,0
2024-06-22,チョコレート,25,120,3000,曇り,0
2024-06-23,ペットボトル緑茶,76,150,11400,晴れ,0
2024-06-23,カップラーメン,24,250,6000,晴れ,0
2024-06-23,チョコレート,22,120,2640,晴れ,0
2024-06-24,ペットボトル緑茶,51,150,7650,曇り,0
2024-06-24,カップラーメン,25,250,6250,曇り,0
2024-06-24,チョコレート,15,120,1800,曇り,0
2024-06-25,ペットボトル緑茶,51,150,7650,晴れ,0
2024-06-25,カップラーメン,23,250,5750,晴れ,0
2024-06-25,チョコレート,14,120,1680,晴れ,0
2024-06-26,ペットボトル緑茶,48,150,7200,晴れ,0
2024-06-26,カップラーメン,21,250,5250,晴れ,0
2024-06-26,チョコレート,16,120,1920,晴れ,0
2024-06-27,ペットボトル緑茶,63,150,9450,晴れ,0
2024-06-27,カップラーメン,20,250,5000,晴れ,0
2024-06-27,チョコレート,13,120,1560,晴れ,0
2024-06-28,ペットボトル緑茶,56,150,8400,晴れ,0
2024-06-28,カップラーメン,21,250,5250,晴れ,0
2024-06-28,チョコレート,19,120,2280,晴れ,0
2024-06-29,ペットボトル緑茶,70,150,10500,雨,0
2024-06-29,カップラーメン,44,250,11000,雨,0
2024-06-29,チョコレート,28,120,3360,雨,0
2024-06-30,ペットボトル緑茶,70,150,10500,晴れ,0
2024-06-30,カップラーメン,23,250,5750,晴れ,0
2024-06-30,チョコレート,24,120,2880,晴れ,0
2024-07-01,ペットボトル緑茶,56,150,8400,晴れ,0
2024-07-01,カップラーメン,17,250,4250,晴れ,0
2024-07-01,チョコレート,10,120,1200,晴れ,0
2024-07-02,ペットボトル緑茶,38,150,5700,曇り,0
2024-07-02,カップラーメン,23,250,5750,曇り,0
2024-07-02,チョコレート,16,120,1920,曇り,0
2024-07-03,ペットボトル緑茶,45,150,6750,雨,0
2024-07-03,カップラーメン,27,250,6750,雨,0
2024-07-03,チョコレート,16,120,1920,雨,0
2024-07-04,ペットボトル緑茶,39,150,5850,雨,0
2024-07-04,カップラーメン,28,250,7000,雨,0
2024-07-04,チョコレート,13,120,1560,雨,0
2024-07-05,ペットボトル緑茶,40,150,6000,曇り,0
2024-07-05,カップラーメン,19,250,4750,曇り,0
2024-07-05,チョコレート,9,120,1080,曇り,0
2024-07-06,ペットボトル緑茶,72,150,10800,晴れ,0
2024-07-06,カップラーメン,21,250,5250,晴れ,0
2024-07-06,チョコレート,21,120,2520,晴れ,0
2024-07-07,ペットボトル緑茶,67,150,10050,晴れ,0
2024-07-07,カップラーメン,19,250,4750,晴れ,0
2024-07-07,チョコレート,18,120,2160,晴れ,0
2024-07-08,ペットボトル緑茶,36,150,5400,曇り,0
2024-07-08,カップラーメン,23,250,5750,曇り,0
2024-07-08,チョコレート,12,120,1440,曇り,0
2024-07-09,ペットボトル緑茶,65,150,9750,晴れ,0
2024-07-09,カップラーメン,17,250,4250,晴れ,0
2024-07-09,チョコレート,13,120,1560,晴れ,0
2024-07-10,ペットボトル緑茶,40,150,6000,晴れ,0
2024-07-10,カップラーメン,16,250,4000,晴れ,0
2024-07-10,チョコレート,20,120,2400,晴れ,0
2024-07-11,ペットボトル緑茶,50,150,7500,晴れ,0
2024-07-11,カップラーメン,22,250,5500,晴れ,0
2024-07-11,チョコレート,18,120,2160,晴れ,0
2024-07-12,ペットボトル緑茶,55,150,8250,晴れ,0
2024-07-12,カップラーメン,15,250,3750,晴れ,0
2024-07-12,チョコレート,11,120,1320,晴れ,0
2024-07-13,ペットボトル緑茶,69,150,10350,晴れ,0
2024-07-13,カップラーメン,24,250,6000,晴れ,0
2024-07-13,チョコレート,16,120,1920,晴れ,0
2024-07-14,ペットボトル緑茶,71,150,10650,晴れ,0
2024-07-14,カップラーメン,26,250,6500,晴れ,0
2024-07-14,チョコレート,14,120,1680,晴れ,0
2024-07-15,ペットボトル緑茶,54,150,8100,曇り,1
2024-07-15,カップラーメン,19,250,4750,曇り,1
2024-07-15,チョコレート,15,120,1800,曇り,1
2024-07-16,ペットボトル緑茶,46,150,6900,雨,0
2024-07-16,カップラーメン,24,250,6000,雨,0
2024-07-16,チョコレート,16,120,1920,雨,0
2024-07-17,ペットボトル緑茶,53,150,7950,雨,0
2024-07-17,カップラーメン,35,250,8750,雨,0
2024-07-17,チョコレート,19,120,2280,雨,0
2024-07-18,ペットボトル緑茶,51,150,7650,雨,0
2024-07-18,カップラーメン,17,250,4250,雨,0
2024-07-18,チョコレート,11,120,1320,雨,0
2024-07-19,ペットボトル緑茶,62,150,9300,晴れ,0
2024-07-19,カップラーメン,20,250,5000,晴れ,0
2024-07-19,チョコレート,18,120,2160,晴れ,0
2024-07-20,ペットボトル緑茶,68,150,10200,晴れ,0
2024-07-20,カップラーメン,24,250,6000,晴れ,0
2024-07-20,チョコレート,31,120,3720,晴れ,0
2024-07-21,ペットボトル緑茶,57,150,8550,雨,0
2024-07-21,カップラーメン,34,250,8500,雨,0
2024-07-21,チョコレート,13,120,1560,雨,0
2024-07-22,ペットボトル緑茶,57,150,8550,晴れ,0
2024-07-22,カップラーメン,15,250,3750,晴れ,0
2024-07-22,チョコレート,18,120,2160,晴れ,0
2024-07-23,ペットボトル緑茶,48,150,7200,晴れ,0
2024-07-23,カップラーメン,14,250,3500,晴れ,0
2024-07-23,チョコレート,9,120,1080,晴れ,0
2024-07-24,ペットボトル緑茶,61,150,9150,晴れ,0
2024-07-24,カップラーメン,17,250,4250,晴れ,0
2024-07-24,チョコレート,15,120,1800,晴れ,0
2024-07-25,ペットボトル緑茶,64,150,9600,晴れ,0
2024-07-25,カップラーメン,15,250,3750,晴れ,0
2024-07-25,チョコレート,14,120,1680,晴れ,0
2024-07-26,ペットボトル緑茶,51,150,7650,曇り,0
2024-07-26,カップラーメン,19,250,4750,曇り,0
2024-07-26,チョコレート,18,120,2160,曇り,0
2024-07-27,ペットボトル緑茶,63,150,9450,晴れ,0
2024-07-27,カップラーメン,26,250,6500,晴れ,0
2024-07-27,チョコレート,20,120,2400,晴れ,0
2024-07-28,ペットボトル緑茶,47,150,7050,雨,0
2024-07-28,カップラーメン,27,250,6750,雨,0
2024-07-28,チョコレート,23,120,2760,雨,0
2024-07-29,ペットボトル緑茶,52,150,7800,晴れ,0
2024-07-29,カップラーメン,17,250,4250,晴れ,0
2024-07-29,チョコレート,14,120,1680,晴れ,0
2024-07-30,ペットボトル緑茶,44,150,6600,雨,0
2024-07-30,カップラーメン,28,250,7000,雨,0
2024-07-30,チョコレート,17,120,2040,雨,0
2024-07-31,ペットボトル緑茶,54,150,8100,晴れ,0
2024-07-31,カップラーメン,23,250,5750,晴れ,0
2024-07-31,チョコレート,17,120,2040,晴れ,0
2024-08-01,ペットボトル緑茶,59,150,8850,晴れ,0
2024-08-01,カップラーメン,12,250,3000,晴れ,0
2024-08-01,チョコレート,24,120,2880,晴れ,0
2024-08-02,ペットボトル緑茶,49,150,7350,晴れ,0
2024-08-02,カップラーメン,24,250,6000,晴れ,0
2024-08-02,チョコレート,11,120,1320,晴れ,0
2024-08-03,ペットボトル緑茶,74,150,11100,晴れ,0
2024-08-03,カップラーメン,22,250,5500,晴れ,0
2024-08-03,チョコレート,17,120,2040,晴れ,0
2024-08-04,ペットボトル緑茶,56,150,8400,曇り,0
2024-08-04,カップラーメン,19,250,4750,曇り,0
2024-08-04,チョコレート,23,120,2760,曇り,0
2024-08-05,ペットボトル緑茶,61,150,9150,晴れ,0
2024-08-05,カップラーメン,21,250,5250,晴れ,0
2024-08-05,チョコレート,19,120,2280,晴れ,0
2024-08-06,ペットボトル緑茶,50,150,7500,晴れ,0
2024-08-06,カップラーメン,16,250,4000,晴れ,0
2024-08-06,チョコレート,14,120,1680,晴れ,0
2024-08-07,ペットボトル緑茶,59,150,8850,曇り,0
2024-08-07,カップラーメン,14,250,3500,曇り,0
2024-08-07,チョコレート,12,120,1440,曇り,0
2024-08-08,ペットボトル緑茶,40,150,6000,雨,0
2024-08-08,カップラーメン,25,250,6250,雨,0
2024-08-08,チョコレート,17,120,2040,雨,0
2024-08-09,ペットボトル緑茶,36,150,5400,晴れ,0
2024-08-09,カップラーメン,14,250,3500,晴れ,0
2024-08-09,チョコレート,19,120,2280,晴れ,0
2024-08-10,ペットボトル緑茶,80,150,12000,晴れ,0
2024-08-10,カップラーメン,27,250,6750,晴れ,0
2024-08-10,チョコレート,20,120,2400,晴れ,0
2024-08-11,ペットボトル緑茶,82,150,12300,晴れ,1
2024-08-11,カップラーメン,31,250,7750,晴れ,1
2024-08-11,チョコレート,16,120,1920,晴れ,1
2024-08-12,ペットボトル緑茶,48,150,7200,晴れ,0
2024-08-12,カップラーメン,19,250,4750,晴れ,0
2024-08-12,チョコレート,11,120,1320,晴れ,0
2024-08-13,ペットボトル緑茶,47,150,7050,曇り,0
2024-08-13,カップラーメン,18,250,4500,曇り,0
2024-08-13,チョコレート,16,120,1920,曇り,0
2024-08-14,ペットボトル緑茶,42,150,6300,曇り,0
2024-08-14,カップラーメン,14,250,3500,曇り,0
2024-08-14,チョコレート,13,120,1560,曇り,0
2024-08-15,ペットボトル緑茶,54,150,8100,曇り,0
2024-08-15,カップラーメン,18,250,4500,曇り,0
2024-08-15,チョコレート,17,120,2040,曇り,0
2024-08-16,ペットボトル緑茶,42,150,6300,曇り,0
2024-08-16,カップラーメン,13,250,3250,曇り,0
2024-08-16,チョコレート,15,120,1800,曇り,0
2024-08-17,ペットボトル緑茶,72,150,10800,晴れ,0
2024-08-17,カップラーメン,27,250,6750,晴れ,0
2024-08-17,チョコレート,22,120,2640,晴れ,0
2024-08-18,ペットボトル緑茶,79,150,11850,晴れ,0
2024-08-18,カップラーメン,17,250,4250,晴れ,0
2024-08-18,チョコレート,17,120,2040,晴れ,0
2024-08-19,ペットボトル緑茶,51,150,7650,曇り,0
2024-08-19,カップラーメン,19,250,4750,曇り,0
2024-08-19,チョコレート,13,120,1560,曇り,0
2024-08-20,ペットボトル緑茶,47,150,7050,晴れ,0
2024-08-20,カップラーメン,28,250,7000,晴れ,0
2024-08-20,チョコレート,14,120,1680,晴れ,0
2024-08-21,ペットボトル緑茶,36,150,5400,曇り,0
2024-08-21,カップラーメン,25,250,6250,曇り,0
2024-08-21,チョコレート,16,120,1920,曇り,0
2024-08-22,ペットボトル緑茶,51,150,7650,晴れ,0
2024-08-22,カップラーメン,25,250,6250,晴れ,0
2024-08-22,チョコレート,15,120,1800,晴れ,0
2024-08-23,ペットボトル緑茶,40,150,6000,雨,0
2024-08-23,カップラーメン,21,250,5250,雨,0
2024-08-23,チョコレート,14,120,1680,雨,0
2024-08-24,ペットボトル緑茶,56,150,8400,晴れ,0
2024-08-24,カップラーメン,26,250,6500,晴れ,0
2024-08-24,チョコレート,14,120,1680,晴れ,0
2024-08-25,ペットボトル緑茶,77,150,11550,晴れ,0
2024-08-25,カップラーメン,38,250,9500,晴れ,0
2024-08-25,チョコレート,10,120,1200,晴れ,0
2024-08-26,ペットボトル緑茶,48,150,7200,晴れ,0
2024-08-26,カップラーメン,24,250,6000,晴れ,0
2024-08-26,チョコレート,18,120,2160,晴れ,0
2024-08-27,ペットボトル緑茶,33,150,4950,晴れ,0
2024-08-27,カップラーメン,27,250,6750,晴れ,0
2024-08-27,チョコレート,15,120,1800,晴れ,0
2024-08-28,ペットボトル緑茶,65,150,9750,晴れ,0
2024-08-28,カップラーメン,10,250,2500,晴れ,0
2024-08-28,チョコレート,12,120,1440,晴れ,0
2024-08-29,ペットボトル緑茶,40,150,6000,雨,0
2024-08-29,カップラーメン,21,250,5250,雨,0
2024-08-29,チョコレート,16,120,1920,雨,0
2024-08-30,ペットボトル緑茶,45,150,6750,晴れ,0
2024-08-30,カップラーメン,21,250,5250,晴れ,0
2024-08-30,チョコレート,18,120,2160,晴れ,0
2024-08-31,ペットボトル緑茶,59,150,8850,曇り,0
2024-08-31,カップラーメン,25,250,6250,曇り,0
2024-08-31,チョコレート,25,120,3000,曇り,0
2024-09-01,ペットボトル緑茶,45,150,6750,晴れ,0
2024-09-01,カップラーメン,27,250,6750,晴れ,0
2024-09-01,チョコレート,20,120,2400,晴れ,0
2024-09-02,ペットボトル緑茶,30,150,4500,晴れ,0
2024-09-02,カップラーメン,15,250,3750,晴れ,0
2024-09-02,チョコレート,18,120,2160,晴れ,0
2024-09-03,ペットボトル緑茶,44,150,6600,晴れ,0
2024-09-03,カップラーメン,24,250,6000,晴れ,0
2024-09-03,チョコレート,7,120,840,晴れ,0
2024-09-04,ペットボトル緑茶,31,150,4650,雨,0
2024-09-04,カップラーメン,18,250,4500,雨,0
2024-09-04,チョコレート,19,120,2280,雨,0
2024-09-05,ペットボトル緑茶,45,150,6750,曇り,0
2024-09-05,カップラーメン,20,250,5000,曇り,0
2024-09-05,チョコレート,19,120,2280,曇り,0
2024-09-06,ペットボトル緑茶,35,150,5250,曇り,0
2024-09-06,カップラーメン,27,250,6750,曇り,0
2024-09-06,チョコレート,10,120,1200,曇り,0
2024-09-07,ペットボトル緑茶,35,150,5250,曇り,0
2024-09-07,カップラーメン,34,250,8500,曇り,0
2024-09-07,チョコレート,15,120,1800,曇り,0
2024-09-08,ペットボトル緑茶,42,150,6300,雨,0
2024-09-08,カップラーメン,33,250,8250,雨,0
2024-09-08,チョコレート,24,120,2880,雨,0
2024-09-09,ペットボトル緑茶,33,150,4950,雨,0
2024-09-09,カップラーメン,25,250,6250,雨,0
2024-09-09,チョコレート,15,120,1800,雨,0
2024-09-10,ペットボトル緑茶,36,150,5400,雨,0
2024-09-10,カップラーメン,29,250,7250,雨,0
2024-09-10,チョコレート,15,120,1800,雨,0
2024-09-11,ペットボトル緑茶,33,150,4950,晴れ,0
2024-09-11,カップラーメン,25,250,6250,晴れ,0
2024-09-11,チョコレート,11,120,1320,晴れ,0
2024-09-12,ペットボトル緑茶,22,150,3300,雨,0
2024-09-12,カップラーメン,20,250,5000,雨,0
2024-09-12,チョコレート,14,120,1680,雨,0
2024-09-13,ペットボトル緑茶,32,150,4800,曇り,0
2024-09-13,カップラーメン,25,250,6250,曇り,0
2024-09-13,チョコレート,10,120,1200,曇り,0
2024-09-14,ペットボトル緑茶,51,150,7650,晴れ,0
2024-09-14,カップラーメン,22,250,5500,晴れ,0
2024-09-14,チョコレート,22,120,2640,晴れ,0
2024-09-15,ペットボトル緑茶,40,150,6000,晴れ,0
2024-09-15,カップラーメン,23,250,5750,晴れ,0
2024-09-15,チョコレート,28,120,3360,晴れ,0
2024-09-16,ペットボトル緑茶,38,150,5700,曇り,1
2024-09-16,カップラーメン,24,250,6000,曇り,1
2024-09-16,チョコレート,11,120,1320,曇り,1
2024-09-17,ペットボトル緑茶,44,150,6600,晴れ,0
2024-09-17,カップラーメン,13,250,3250,晴れ,0
2024-09-17,チョコレート,22,120,2640,晴れ,0
2024-09-18,ペットボトル緑茶,34,150,5100,雨,0
2024-09-18,カップラーメン,30,250,7500,雨,0
2024-09-18,チョコレート,19,120,2280,雨,0
2024-09-19,ペットボトル緑茶,22,150,3300,雨,0
2024-09-19,カップラーメン,27,250,6750,雨,0
2024-09-19,チョコレート,12,120,1440,雨,0
2024-09-20,ペットボトル緑茶,32,150,4800,晴れ,0
2024-09-20,カップラーメン,17,250,4250,晴れ,0
2024-09-20,チョコレート,18,120,2160,晴れ,0
2024-09-21,ペットボトル緑茶,47,150,7050,雨,0
2024-09-21,カップラーメン,35,250,8750,雨,0
2024-09-21,チョコレート,15,120,1800,雨,0
2024-09-22,ペットボトル緑茶,53,150,7950,晴れ,0
2024-09-22,カップラーメン,32,250,8000,晴れ,0
2024-09-22,チョコレート,21,120,2520,晴れ,0
2024-09-23,ペットボトル緑茶,50,150,7500,晴れ,1
2024-09-23,カップラーメン,23,250,5750,晴れ,1
2024-09-23,チョコレート,16,120,1920,晴れ,1
2024-09-24,ペットボトル緑茶,41,150,6150,晴れ,0
2024-09-24,カップラーメン,27,250,6750,晴れ,0
2024-09-24,チョコレート,16,120,1920,晴れ,0
2024-09-25,ペットボトル緑茶,33,150,4950,曇り,0
2024-09-25,カップラーメン,20,250,5000,曇り,0
2024-09-25,チョコレート,14,120,1680,曇り,0
2024-09-26,ペットボトル緑茶,42,150,6300,曇り,0
2024-09-26,カップラーメン,23,250,5750,曇り,0
2024-09-26,チョコレート,17,120,2040,曇り,0
2024-09-27,ペットボトル緑茶,33,150,4950,晴れ,0
2024-09-27,カップラーメン,9,250,2250,晴れ,0
2024-09-27,チョコレート,13,120,1560,晴れ,0
2024-09-28,ペットボトル緑茶,49,150,7350,晴れ,0
2024-09-28,カップラーメン,21,250,5250,晴れ,0
2024-09-28,チョコレート,15,120,1800,晴れ,0
2024-09-29,ペットボトル緑茶,43,150,6450,晴れ,0
2024-09-29,カップラーメン,27,250,6750,晴れ,0
2024-09-29,チョコレート,17,120,2040,晴れ,0
2024-09-30,ペットボトル緑茶,26,150,3900,晴れ,0
2024-09-30,カップラーメン,14,250,3500,晴れ,0
2024-09-30,チョコレート,15,120,1800,晴れ,0
2024-10-01,ペットボトル緑茶,28,150,4200,晴れ,0
2024-10-01,カップラーメン,19,250,4750,晴れ,0
2024-10-01,チョコレート,14,120,1680,晴れ,0
2024-10-02,ペットボトル緑茶,32,150,4800,曇り,0
2024-10-02,カップラーメン,25,250,6250,曇り,0
2024-10-02,チョコレート,17,120,2040,曇り,0
2024-10-03,ペットボトル緑茶,24,150,3600,晴れ,0
2024-10-03,カップラーメン,23,250,5750,晴れ,0
2024-10-03,チョコレート,14,120,1680,晴れ,0
2024-10-04,ペットボトル緑茶,28,150,4200,晴れ,0
2024-10-04,カップラーメン,24,250,6000,晴れ,0
2024-10-04,チョコレート,8,120,960,晴れ,0
2024-10-05,ペットボトル緑茶,42,150,6300,雨,0
2024-10-05,カップラーメン,31,250,7750,雨,0
2024-10-05,チョコレート,27,120,3240,雨,0
2024-10-06,ペットボトル緑茶,43,150,6450,雨,0
2024-10-06,カップラーメン,43,250,10750,雨,0
2024-10-06,チョコレート,20,120,2400,雨,0
2024-10-07,ペットボトル緑茶,35,150,5250,晴れ,0
2024-10-07,カップラーメン,20,250,5000,晴れ,0
2024-10-07,チョコレート,6,120,720,晴れ,0
2024-10-08,ペットボトル緑茶,27,150,4050,曇り,0
2024-10-08,カップラーメン,22,250,5500,曇り,0
2024-10-08,チョコレート,17,120,2040,曇り,0
2024-10-09,ペットボトル緑茶,26,150,3900,曇り,0
2024-10-09,カップラーメン,24,250,6000,曇り,0
2024-10-09,チョコレート,14,120,1680,曇り,0
2024-10-10,ペットボトル緑茶,28,150,4200,曇り,0
2024-10-10,カップラーメン,23,250,5750,曇り,0
2024-10-10,チョコレート,13,120,1560,曇り,0
2024-10-11,ペットボトル緑茶,33,150,4950,晴れ,0
2024-10-11,カップラーメン,22,250,5500,晴れ,0
2024-10-11,チョコレート,8,120,960,晴れ,0
2024-10-12,ペットボトル緑茶,50,150,7500,晴れ,0
2024-10-12,カップラーメン,24,250,6000,晴れ,0
2024-10-12,チョコレート,22,120,2640,晴れ,0
2024-10-13,ペットボトル緑茶,65,150,9750,晴れ,0
2024-10-13,カップラーメン,13,250,3250,晴れ,0
2024-10-13,チョコレート,18,120,2160,晴れ,0
2024-10-14,ペットボトル緑茶,45,150,6750,晴れ,1
2024-10-14,カップラーメン,19,250,4750,晴れ,1
2024-10-14,チョコレート,14,120,1680,晴れ,1
2024-10-15,ペットボトル緑茶,28,150,4200,曇り,0
2024-10-15,カップラーメン,18,250,4500,曇り,0
2024-10-15,チョコレート,10,120,1200,曇り,0
2024-10-16,ペットボトル緑茶,34,150,5100,曇り,0
2024-10-16,カップラーメン,19,250,4750,曇り,0
2024-10-16,チョコレート,12,120,1440,曇り,0
2024-10-17,ペットボトル緑茶,33,150,4950,晴れ,0
2024-10-17,カップラーメン,32,250,8000,晴れ,0
2024-10-17,チョコレート,13,120,1560,晴れ,0
2024-10-18,ペットボトル緑茶,35,150,5250,晴れ,0
2024-10-18,カップラーメン,20,250,5000,晴れ,0
2024-10-18,チョコレート,16,120,1920,晴れ,0
2024-10-19,ペットボトル緑茶,33,150,4950,曇り,0
2024-10-19,カップラーメン,27,250,6750,曇り,0
2024-10-19,チョコレート,23,120,2760,曇り,0
2024-10-20,ペットボトル緑茶,31,150,4650,雨,0
2024-10-20,カップラーメン,26,250,6500,雨,0
2024-10-20,チョコレート,29,120,3480,雨,0
2024-10-21,ペットボトル緑茶,44,150,6600,晴れ,0
2024-10-21,カップラーメン,18,250,4500,晴れ,0
2024-10-21,チョコレート,11,120,1320,晴れ,0
2024-10-22,ペットボトル緑茶,36,150,5400,晴れ,0
2024-10-22,カップラーメン,21,250,5250,晴れ,0
2024-10-22,チョコレート,19,120,2280,晴れ,0
2024-10-23,ペットボトル緑茶,43,150,6450,曇り,0
2024-10-23,カップラーメン,19,250,4750,曇り,0
2024-10-23,チョコレート,21,120,2520,曇り,0
2024-10-24,ペットボトル緑茶,29,150,4350,雨,0
2024-10-24,カップラーメン,29,250,7250,雨,0
2024-10-24,チョコレート,17,120,2040,雨,0
2024-10-25,ペットボトル緑茶,33,150,4950,晴れ,0
2024-10-25,カップラーメン,17,250,4250,晴れ,0
2024-10-25,チョコレート,24,120,2880,晴れ,0
2024-10-26,ペットボトル緑茶,42,150,6300,雨,0
2024-10-26,カップラーメン,30,250,7500,雨,0
2024-10-26,チョコレート,23,120,2760,雨,0
2024-10-27,ペットボトル緑茶,44,150,6600,曇り,0
2024-10-27,カップラーメン,28,250,7000,曇り,0
2024-10-27,チョコレート,19,120,2280,曇り,0
2024-10-28,ペットボトル緑茶,34,150,5100,晴れ,0
2024-10-28,カップラーメン,18,250,4500,晴れ,0
2024-10-28,チョコレート,15,120,1800,晴れ,0
2024-10-29,ペットボトル緑茶,36,150,5400,晴れ,0
2024-10-29,カップラーメン,23,250,5750,晴れ,0
2024-10-29,チョコレート,8,120,960,晴れ,0
2024-10-30,ペットボトル緑茶,31,150,4650,晴れ,0
2024-10-30,カップラーメン,19,250,4750,晴れ,0
2024-10-30,チョコレート,13,120,1560,晴れ,0
2024-10-31,ペットボトル緑茶,38,150,5700,晴れ,0
2024-10-31,カップラーメン,22,250,5500,晴れ,0
2024-10-31,チョコレート,21,120,2520,晴れ,0
2024-11-01,ペットボトル緑茶,37,150,5550,晴れ,0
2024-11-01,カップラーメン,12,250,3000,晴れ,0
2024-11-01,チョコレート,12,120,1440,晴れ,0
2024-11-02,ペットボトル緑茶,45,150,6750,雨,0
2024-11-02,カップラーメン,34,250,8500,雨,0
2024-11-02,チョコレート,23,120,2760,雨,0
2024-11-03,ペットボトル緑茶,47,150,7050,晴れ,1
2024-11-03,カップラーメン,31,250,7750,晴れ,1
2024-11-03,チョコレート,25,120,3000,晴れ,1
2024-11-04,ペットボトル緑茶,40,150,6000,晴れ,1
2024-11-04,カップラーメン,19,250,4750,晴れ,1
2024-11-04,チョコレート,20,120,2400,晴れ,1
2024-11-05,ペットボトル緑茶,33,150,4950,晴れ,0
2024-11-05,カップラーメン,25,250,6250,晴れ,0
2024-11-05,チョコレート,14,120,1680,晴れ,0
2024-11-06,ペットボトル緑茶,52,150,7800,晴れ,0
2024-11-06,カップラーメン,23,250,5750,晴れ,0
2024-11-06,チョコレート,14,120,1680,晴れ,0
2024-11-07,ペットボトル緑茶,34,150,5100,曇り,0
2024-11-07,カップラーメン,30,250,7500,曇り,0
2024-11-07,チョコレート,12,120,1440,曇り,0
2024-11-08,ペットボトル緑茶,32,150,4800,曇り,0
2024-11-08,カップラーメン,20,250,5000,曇り,0
2024-11-08,チョコレート,14,120,1680,曇り,0
2024-11-09,ペットボトル緑茶,44,150,6600,晴れ,0
2024-11-09,カップラーメン,30,250,7500,晴れ,0
2024-11-09,チョコレート,15,120,1800,晴れ,0
2024-11-10,ペットボトル緑茶,56,150,8400,晴れ,0
2024-11-10,カップラーメン,29,250,7250,晴れ,0
2024-11-10,チョコレート,17,120,2040,晴れ,0
2024-11-11,ペットボトル緑茶,34,150,5100,曇り,0
2024-11-11,カップラーメン,22,250,5500,曇り,0
2024-11-11,チョコレート,18,120,2160,曇り,0
2024-11-12,ペットボトル緑茶,26,150,3900,雨,0
2024-11-12,カップラーメン,15,250,3750,雨,0
2024-11-12,チョコレート,15,120,1800,雨,0
2024-11-13,ペットボトル緑茶,27,150,4050,雨,0
2024-11-13,カップラーメン,19,250,4750,雨,0
2024-11-13,チョコレート,15,120,1800,雨,0
2024-11-14,ペットボトル緑茶,31,150,4650,曇り,0
2024-11-14,カップラーメン,20,250,5000,曇り,0
2024-11-14,チョコレート,13,120,1560,曇り,0
2024-11-15,ペットボトル緑茶,23,150,3450,曇り,0
2024-11-15,カップラーメン,14,250,3500,曇り,0
2024-11-15,チョコレート,18,120,2160,曇り,0
2024-11-16,ペットボトル緑茶,44,150,6600,晴れ,0
2024-11-16,カップラーメン,23,250,5750,晴れ,0
2024-11-16,チョコレート,23,120,2760,晴れ,0
2024-11-17,ペットボトル緑茶,45,150,6750,晴れ,0
2024-11-17,カップラーメン,16,250,4000,晴れ,0
2024-11-17,チョコレート,16,120,1920,晴れ,0
2024-11-18,ペットボトル緑茶,30,150,4500,曇り,0
2024-11-18,カップラーメン,12,250,3000,曇り,0
2024-11-18,チョコレート,11,120,1320,曇り,0
2024-11-19,ペットボトル緑茶,38,150,5700,晴れ,0
2024-11-19,カップラーメン,21,250,5250,晴れ,0
2024-11-19,チョコレート,19,120,2280,晴れ,0
2024-11-20,ペットボトル緑茶,39,150,5850,晴れ,0
2024-11-20,カップラーメン,18,250,4500,晴れ,0
2024-11-20,チョコレート,12,120,1440,晴れ,0
2024-11-21,ペットボトル緑茶,33,150,4950,雨,0
2024-11-21,カップラーメン,20,250,5000,雨,0
2024-11-21,チョコレート,16,120,1920,雨,0
2024-11-22,ペットボトル緑茶,51,150,7650,晴れ,0
2024-11-22,カップラーメン,16,250,4000,晴れ,0
2024-11-22,チョコレート,17,120,2040,晴れ,0
2024-11-23,ペットボトル緑茶,59,150,8850,晴れ,1
2024-11-23,カップラーメン,29,250,7250,晴れ,1
2024-11-23,チョコレート,10,120,1200,晴れ,1
2024-11-24,ペットボトル緑茶,40,150,6000,晴れ,0
2024-11-24,カップラーメン,22,250,5500,晴れ,0
2024-11-24,チョコレート,21,120,2520,晴れ,0
2024-11-25,ペットボトル緑茶,34,150,5100,曇り,0
2024-11-25,カップラーメン,20,250,5000,曇り,0
2024-11-25,チョコレート,12,120,1440,曇り,0
2024-11-26,ペットボトル緑茶,24,150,3600,曇り,0
2024-11-26,カップラーメン,24,250,6000,曇り,0
2024-11-26,チョコレート,12,120,1440,曇り,0
2024-11-27,ペットボトル緑茶,33,150,4950,晴れ,0
2024-11-27,カップラーメン,23,250,5750,晴れ,0
2024-11-27,チョコレート,14,120,1680,晴れ,0
2024-11-28,ペットボトル緑茶,39,150,5850,晴れ,0
2024-11-28,カップラーメン,17,250,4250,晴れ,0
2024-11-28,チョコレート,13,120,1560,晴れ,0
2024-11-29,ペットボトル緑茶,31,150,4650,曇り,0
2024-11-29,カップラーメン,24,250,6000,曇り,0
2024-11-29,チョコレート,16,120,1920,曇り,0
2024-11-30,ペットボトル緑茶,34,150,5100,曇り,0
2024-11-30,カップラーメン,35,250,8750,曇り,0
2024-11-30,チョコレート,20,120,2400,曇り,0
2024-12-01,ペットボトル緑茶,28,150,4200,晴れ,0
2024-12-01,カップラーメン,44,250,11000,晴れ,0
2024-12-01,チョコレート,29,120,3480,晴れ,0
2024-12-02,ペットボトル緑茶,31,150,4650,曇り,0
2024-12-02,カップラーメン,32,250,8000,曇り,0
2024-12-02,チョコレート,13,120,1560,曇り,0
2024-12-03,ペットボトル緑茶,38,150,5700,雪,0
2024-12-03,カップラーメン,42,250,10500,雪,0
2024-12-03,チョコレート,15,120,1800,雪,0
2024-12-04,ペットボトル緑茶,24,150,3600,曇り,0
2024-12-04,カップラーメン,34,250,8500,曇り,0
2024-12-04,チョコレート,8,120,960,曇り,0
2024-12-05,ペットボトル緑茶,30,150,4500,雪,0
2024-12-05,カップラーメン,42,250,10500,雪,0
2024-12-05,チョコレート,13,120,1560,雪,0
2024-12-06,ペットボトル緑茶,32,150,4800,雪,0
2024-12-06,カップラーメン,44,250,11000,雪,0
2024-12-06,チョコレート,12,120,1440,雪,0
2024-12-07,ペットボトル緑茶,38,150,5700,晴れ,0
2024-12-07,カップラーメン,37,250,9250,晴れ,0
2024-12-07,チョコレート,34,120,4080,晴れ,0
2024-12-08,ペットボトル緑茶,43,150,6450,晴れ,0
2024-12-08,カップラーメン,54,250,13500,晴れ,0
2024-12-08,チョコレート,22,120,2640,晴れ,0
2024-12-09,ペットボトル緑茶,29,150,4350,雪,0
2024-12-09,カップラーメン,33,250,8250,雪,0
2024-12-09,チョコレート,19,120,2280,雪,0
2024-12-10,ペットボトル緑茶,45,150,6750,晴れ,0
2024-12-10,カップラーメン,26,250,6500,晴れ,0
2024-12-10,チョコレート,17,120,2040,晴れ,0
2024-12-11,ペットボトル緑茶,33,150,4950,曇り,0
2024-12-11,カップラーメン,33,250,8250,曇り,0
2024-12-11,チョコレート,24,120,2880,曇り,0
2024-12-12,ペットボトル緑茶,38,150,5700,晴れ,0
2024-12-12,カップラーメン,31,250,7750,晴れ,0
2024-12-12,チョコレート,9,120,1080,晴れ,0
2024-12-13,ペットボトル緑茶,28,150,4200,曇り,0
2024-12-13,カップラーメン,34,250,8500,曇り,0
2024-12-13,チョコレート,18,120,2160,曇り,0
2024-12-14,ペットボトル緑茶,43,150,6450,雪,0
2024-12-14,カップラーメン,56,250,14000,雪,0
2024-12-14,チョコレート,24,120,2880,雪,0
2024-12-15,ペットボトル緑茶,55,150,8250,晴れ,0
2024-12-15,カップラーメン,41,250,10250,晴れ,0
2024-12-15,チョコレート,29,120,3480,晴れ,0
2024-12-16,ペットボトル緑茶,29,150,4350,晴れ,0
2024-12-16,カップラーメン,32,250,8000,晴れ,0
2024-12-16,チョコレート,12,120,1440,晴れ,0
2024-12-17,ペットボトル緑茶,18,150,2700,雪,0
2024-12-17,カップラーメン,40,250,10000,雪,0
2024-12-17,チョコレート,11,120,1320,雪,0
2024-12-18,ペットボトル緑茶,28,150,4200,曇り,0
2024-12-18,カップラーメン,35,250,8750,曇り,0
2024-12-18,チョコレート,13,120,1560,曇り,0
2024-12-19,ペットボトル緑茶,33,150,4950,雪,0
2024-12-19,カップラーメン,32,250,8000,雪,0
2024-12-19,チョコレート,16,120,1920,雪,0
2024-12-20,ペットボトル緑茶,18,150,2700,雪,0
2024-12-20,カップラーメン,32,250,8000,雪,0
2024-12-20,チョコレート,13,120,1560,雪,0
2024-12-21,ペットボトル緑茶,52,150,7800,晴れ,0
2024-12-21,カップラーメン,25,250,6250,晴れ,0
2024-12-21,チョコレート,16,120,1920,晴れ,0
2024-12-22,ペットボトル緑茶,36,150,5400,曇り,0
2024-12-22,カップラーメン,34,250,8500,曇り,0
2024-12-22,チョコレート,21,120,2520,曇り,0
2024-12-23,ペットボトル緑茶,25,150,3750,曇り,0
2024-12-23,カップラーメン,32,250,8000,曇り,0
2024-12-23,チョコレート,12,120,1440,曇り,0
2024-12-24,ペットボトル緑茶,30,150,4500,曇り,0
2024-12-24,カップラーメン,44,250,11000,曇り,0
2024-12-24,チョコレート,14,120,1680,曇り,0
2024-12-25,ペットボトル緑茶,29,150,4350,雪,0
2024-12-25,カップラーメン,34,250,8500,雪,0
2024-12-25,チョコレート,11,120,1320,雪,0
2024-12-26,ペットボトル緑茶,32,150,4800,晴れ,0
2024-12-26,カップラーメン,19,250,4750,晴れ,0
2024-12-26,チョコレート,24,120,2880,晴れ,0
2024-12-27,ペットボトル緑茶,38,150,5700,晴れ,0
2024-12-27,カップラーメン,30,250,7500,晴れ,0
2024-12-27,チョコレート,12,120,1440,晴れ,0
2024-12-28,ペットボトル緑茶,41,150,6150,雪,0
2024-12-28,カップラーメン,42,250,10500,雪,0
2024-12-28,チョコレート,13,120,1560,雪,0
2024-12-29,ペットボトル緑茶,33,150,4950,雪,0
2024-12-29,カップラーメン,51,250,12750,雪,0
2024-12-29,チョコレート,18,120,2160,雪,0
2024-12-30,ペットボトル緑茶,26,150,3900,曇り,0
2024-12-30,カップラーメン,41,250,10250,曇り,0
2024-12-30,チョコレート,19,120,2280,曇り,0
2024-12-31,ペットボトル緑茶,50,150,7500,曇り,0
2024-12-31,カップラーメン,37,250,9250,曇り,0
2024-12-31,チョコレート,12,120,1440,曇り,0
